{
  "meta": {
    "pdf": "1880.pdf",
    "dpi": 300
  },
  "pages": {
    "0": {
      "size": [
        1918.0,
        3036.0
      ],
      "rects": [
        [
          78.34899662229282,
          960.3726405722232,
          1838.6510033777067,
          2490.3547585932843
        ]
      ]
    },
    "1": {
      "size": [
        1875.0,
        3036.0
      ],
      "rects": [
        [
          45.88138287303809,
          935.6955096364,
          1784.248162129942,
          2501.3223723425394
        ]
      ]
    },
    "2": {
      "size": [
        1845.0,
        3024.0
      ],
      "rects": [
        [
          42.59678846883344,
          912.8776710077123,
          1779.5546845366039,
          2466.854153496017
        ]
      ]
    },
    "3": {
      "size": [
        1845.0,
        3024.0
      ],
      "rects": [
        [
          45.32785434315383,
          967.4989884941201,
          1785.0168162852447,
          2499.626943987862
        ]
      ]
    },
    "4": {
      "size": [
        1888.0,
        3024.0
      ],
      "rects": [
        [
          47.710393222910625,
          983.8853837400425,
          1776.4750916677208,
          2529.6686686053863
        ]
      ]
    }
  }
}